tricohackathon	Engineering & Computer Science
murica	Government
sfgiants	Athletics
aokisfg	Athletics
rules	Athletics
mlbfc	Athletics
whitegirlwendsday	Law & Public Policy
askhermore	Law & Public Policy
bae	Law & Public Policy
takethat	Athletics
shotsfired	Law & Public Policy
hunterpencesigns	Athletics
2014memories	Arts & Entertainment
smellbaseball	Athletics
betterlatethannever	Arts & Entertainment
fml	Arts & Entertainment
12daysofsfg	Athletics
worldseries	Athletics
ellencanhelpsmhs	Arts & Entertainment
japanseries	Athletics
eastvswest	Arts & Entertainment
womenscollegeprobs	Education
wishiwasthere	International
lovebaseball	Athletics
cyyoung	Athletics
cykluber	Athletics
silverslugger	Athletics
levels	Athletics
stats	Athletics
intelmaker	Engineering & Computer Science
dismayed	Communications
n00b	Engineering & Computer Science
game7	Athletics
giants	Athletics
coco12k	Athletics
askserena	Athletics
suckstosuck	Athletics
orangeoctober	Athletics
bmcwiki	Education
royals	Athletics
noragrets	Athletics
asianpower	International
re2pect	Athletics
nlcs	Athletics
espnwsummit	Athletics
thankful	Communications
3	Athletics
wildcard	Athletics
bmcbanter	Education
plenary	Education
plenaryhaiku	Education
farewellcaptain	Athletics
offthebat	Athletics
tgif	Business
heforshe	Law & Public Policy
becauseiam	Law & Public Policy
yhack	Engineering & Computer Science
kcaÉ	Athletics
kcass	Education
ifiwere	Nonprofit
wlf2014	Athletics
raceatbmc	International
wewin	Athletics
priorities	Athletics
win	Athletics
giveaway	Nonprofit
spon	Engineering & Computer Science
phauxnatic	Athletics
sfgsocial	Athletics
shamefamiryname	Education
womenscollegeproblems	Education
tbt	Arts & Entertainment
college	Education
turnup	Arts & Entertainment
usopen	Athletics
orangefriday	Athletics
surprising	Arts & Entertainment
whatstuffyousmokin	Arts & Entertainment
tb	Arts & Entertainment
botwclassic	Athletics
ballkidproblems	Athletics
asktyler	Athletics
hof75	Athletics
wtt	Athletics
askgrigor	Athletics
1	Athletics
asg	Athletics
1hunterpercentÓ	Athletics
hrderby	Athletics
deathbeforedh	Athletics
dbacks	Athletics
hallejulah	Arts & Entertainment
wimbledon	Athletics
lovebaseball	Athletics
goodread	Arts & Entertainment
studentathletesrock	Athletics
wimbledonÓ	Athletics
askbcraw	Athletics
likeagirl	Law & Public Policy
washington	Athletics
kastles	Athletics
selfiesatwimbledon	Athletics
biting	Athletics
wimbledon2014	Athletics
nolefam	Athletics
usavspor	Athletics
jones	Athletics
usa	Government
votejeter	Athletics
frustrated	Communications
truth	Law & Public Policy
notbuyingit	Law & Public Policy
curious	Sciences-Biological & Physical
leggo	Sciences-Biological & Physical
endlesstennis	Athletics
japanvsivorycoast	Athletics
yourenobetterthanus	Athletics
smartical	Education
saywhattttttt	Law & Public Policy
rg14	Athletics
frenchopen	Athletics
sotrendy	Arts & Entertainment
librarylife	Education
sweaty	Athletics
ramen	Arts & Entertainment
justsaying	Law & Public Policy
yougogirl	Law & Public Policy
ecstatic	Arts & Entertainment
lea	Arts & Entertainment
mexicovsisrael	Athletics
stupefied	Arts & Entertainment
rolandgarros	Athletics
awkward	Arts & Entertainment
kissup	Business
screwfinals	Education
lizzieproblems	Communications
springconcert	Arts & Entertainment
offensive	Law & Public Policy
togetherwearebrandon	Athletics
girlpower	Law & Public Policy
aplit	Education
transparency	Education
happydays	Arts & Entertainment
dubnation	Athletics
spursvmavs	Athletics
sterlingfordrummajor2015	Arts & Entertainment
wellsaid	Law & Public Policy
connotation	Law & Public Policy
teresaproblems	Law & Public Policy
womenscolleges	Education
trackproblems	Athletics
secondsemesterseniorprobs	Education
yolo	Arts & Entertainment
proud	Arts & Entertainment
mvp	Athletics
nbaplayoffs	Athletics
bearcatinvitational	Nonprofit
tsonga	Athletics
hapaproblems	International
keepworking	Nonprofit
bandproblems	Arts & Entertainment
promproblems	Arts & Entertainment
revelation	Nonprofit
afterparty	Arts & Entertainment
girlgotmoves	Arts & Entertainment
noshame	Arts & Entertainment
bmctennis	Athletics
equalpay	Athletics
noÉ	Law & Public Policy
marchmadness	Athletics
madness	Athletics
sfgopeningday	Athletics
finalfour	Athletics
pussyriot	Arts & Entertainment
russia	International
questionsiwishicouldgoogle	Engineering & Computer Science
nbd	Education
puzzled	Architecture, Planning & Environmental Design
nadal	Athletics
oscarwilde	Arts & Entertainment
feministfriday	Law & Public Policy
std	Education
equality	Law & Public Policy
longdistancestruggles	International
voteforhillary	Government
longdistanceproblems	International
score	Athletics
seniorgirlunityday	Education
usanawta	Athletics
thebeautifulgame	Athletics
hypocrite	Arts & Entertainment
oscars	Arts & Entertainment
romobomb	Athletics
bballproblems	Athletics
ballin	Athletics
mateoyouknow	Athletics
smack	Athletics
mlbprime	Athletics
thecaptaÉ	Athletics
mrwilke	Education
apstats	Education
disneyproblems	Arts & Entertainment
chinesenewyear	International
sanmateo	Government
bball	Athletics
atmosphere	Sciences-Biological & Physical
france	International
ausvfra	Athletics
daviscup	Athletics
ausopen	Athletics
kidsday	Athletics
notyourasiansidekick	International
grinernba	Athletics
cancer	Health & Medicine
nancycordero	Health & Medicine
sotu	Government
fcblive	Athletics
hitmewiththehashtag	Arts & Entertainment
whatsthehashtag	Arts & Entertainment
please	Law & Public Policy
futurehearts	Health & Medicine
goldengiobes	Arts & Entertainment
charliehebdo	International
freedomofspeech	Law & Public Policy
whatischemicalengineering	Sciences-Biological & Physical
lfc	Athletics
lfcicon	Athletics
newyearsresolution	Education
parksandrec	Engineering & Computer Science
realismsucks	Arts & Entertainment
itsnotok	Law & Public Policy
nobookleftbehind	Education
stonedzacefron	Arts & Entertainment
cutenessÉ	Arts & Entertainment
peshawarattack	International
thankyouparkscrew	Engineering & Computer Science
existentialcrisis	Communications
thankstoup	Engineering & Computer Science
toottoot	Engineering & Computer Science
beepbeep	Engineering & Computer Science
doctorstrange	Arts & Entertainment
bullying	Education
parksandrecreturnsjanuary13	Engineering & Computer Science
mistakes	Athletics
vamosleo	Athletics
inalexiswetrust	Athletics
saythanks	Athletics
cometlanding	Athletics
thealamo	Education
singplease	Law & Public Policy
mrworldwide	Athletics
timber	Arts & Entertainment
targetedadvertising	Business
nosleep	Health & Medicine
terrifying	Health & Medicine
yahoolive	Arts & Entertainment
album2	Arts & Entertainment
classicfcb	Athletics
messiÕs	Athletics
pleb	Athletics
pray4alex2014	Athletics
hsvfcb	Athletics
newyork	Business
netneutrality	Engineering & Computer Science
2	Athletics
appleevent	Engineering & Computer Science
applelive	Engineering & Computer Science
appleÉ	Engineering & Computer Science
1	Athletics
outsiderstour	International
explainafilmplotbadly	Arts & Entertainment
photos	Arts & Entertainment
freshmanadvice	Education
teens	Arts & Entertainment
obama	Government
jailed	Government
impeached	Government
wiseowl	
andrewmcmahon	Arts & Entertainment
andrewmcmahoninthewilderness	Arts & Entertainment
somethingcorporate	Business
legionedmedia	Arts & Entertainment
design	Arts & Entertainment
business	Business
ballislife	Athletics
miasanmia	Athletics
protest	Government
union	Government
work	Business
laborday	Government
fcbayern	Athletics
mufc	Athletics
welcomedimaria	Athletics
mariolfc	Athletics
fcb	Athletics
justuscthings	Athletics
efÉ	Education
afc	Athletics
3points	Athletics
stopdmvs2014	Athletics
riprobinwilliams	Arts & Entertainment
saintsfc	Athletics
saintfraser	Athletics
vermaelenfcb	Athletics
mean5iron	Athletics
saintsaphir	Athletics
manquillolfc	Athletics
askpizza	Health & Medicine
graciasxavi	Athletics
instanotfamous	Arts & Entertainment
kfcbound	Health & Medicine
whufc	Athletics
welcomejenko	Athletics
saintryan	Athletics
southamptonfriend	Athletics
welcomechambers	Athletics
lovrenlfc	Athletics
cfc	Athletics
welcomebackgylfi	Athletics
iheartradio	Arts & Entertainment
lahm	Athletics
welcomedebuchy	Athletics
lazarlfc	Athletics
worldcup	Athletics
worldchampions	Athletics
ger	Education
dfbteam	Athletics
miasanworldchampions	Athletics
gerarg	Athletics
2014worldcup	Athletics
cabella	Athletics
nufc	Athletics
worldcupsf	Athletics
saints	Athletics
ballin	Athletics
goldenball	Athletics
magic	Athletics
robben	Athletics
goldenglove	Athletics
suarezfcb	Athletics
sanchezsigns	Athletics
alexissanchez	Athletics
coyg	Athletics
timhowardcouldsave	Athletics
saintdu_an	Athletics
welcomediego	Athletics
mcfc	Athletics
notinthefastlane	Athletics
timhowardsavinganimals	Athletics
bernat	Athletics
benvingutfÉ	Athletics
risingstar	Athletics
timhowardcouldhavesaved	Athletics
fra	Athletics
bro	Athletics
brasil2014	Athletics
arg	Athletics
bra	Athletics
thingstimhowardcouldsave	Athletics
timcouldhavesaved	Athletics
lfccan	Athletics
strongertogether	Athletics
sherlock	Arts & Entertainment
221back	Arts & Entertainment
childlabor	Nonprofit
ibelievethatwewillwin	Athletics
lallanalfc	Athletics
community	Law & Public Policy
sixseasonsandamovie	Athletics
sixseasonÉ	Athletics
communitysixthseason	Athletics
tbt	Arts & Entertainment
letsdothis	Athletics
portugalol	Athletics
racistbitingguy	Law & Public Policy
successbeyondthegame	Athletics
bossparfums	Arts & Entertainment
tiechallenge	Athletics
hashtagsonfacebookneedtostop	Arts & Entertainment
apenglish	Education
tekkers	Athletics
newsatquestions	Education
bpl	Athletics
messi	Athletics
crc	Engineering & Computer Science
uru	Arts & Entertainment
italy	Athletics
buffon	Athletics
engita	Arts & Entertainment
worldcup2014	Athletics
azzurri	Athletics
vamosespa–a	Athletics
13	Athletics
coachella	Arts & Entertainment
meth	Health & Medicine
